#,kcat,normalized_kcat_bc,relative abundance,group,activity_label
0,28.02583818524189,1.0618127036416647,1.0,WT,Active
0,25.87907905865593,0.9804786112515932,1.0,WT,Active
0,26.87361847401458,1.0181586470285877,1.0,WT,Active
0,24.79803204078496,0.9395210688144222,1.0,WT,Active
0,25.65369976357049,0.9719396838133573,1.0,WT,Active
0,21.47931803910612,0.8137852152265825,1.0,WT,Active
0,24.75796931639988,0.9380032155601001,1.0,WT,Active
0,23.1630238601959,0.8775756438379194,1.0,WT,Active
0,22.56781675004265,0.8550250793666178,1.0,WT,Active
0,24.43027657003417,0.9255879465257716,1.0,WT,Active
0,25.84150292727719,0.9790549673488512,1.0,WT,Active
0,23.06109467039921,0.8737138607261116,1.0,WT,Active
0,22.12211391043732,0.8381387713099577,1.0,WT,Active
0,19.89026064467977,0.7535807240329482,1.0,WT,Active
0,20.93797988198085,0.7932755794967845,1.0,WT,Active
0,25.21794123295905,0.955430135001108,1.0,WT,Active
0,23.86829152079554,0.9042960636356288,1.0,WT,Active
0,24.44104631258412,0.9259959789057098,1.0,WT,Active
0,23.32429248044421,0.8836856152345498,1.0,WT,Active
0,24.21360584492756,0.9173789599861076,1.0,WT,Active
0,21.8590991086456,0.8281739504206648,1.0,WT,Active
0,21.97844030198395,0.832695420726632,1.0,WT,Active
0,23.890633778319,0.9051425429705068,1.0,WT,Active
0,30.78993982587636,1.1665360027909464,,WT,Active
0,25.91470431449116,0.9818283424876871,1.0,WT,Active
0,24.47621796637519,0.9273285245572119,1.0,WT,Active
0,22.87507638079185,0.8666662005737454,1.0,WT,Active
0,24.73147432880308,0.9369994020710205,1.0,WT,Active
0,26.45470981626606,1.0022874880101542,1.0,WT,Active
0,24.11938317293237,0.9138091531016792,1.0,WT,Active
0,22.783393517645,0.8631926192252729,1.0,WT,Active
0,25.53382777895873,0.9673981034606052,1.0,WT,Active
0,24.47454510574772,0.9272651450195891,1.0,WT,Active
0,26.52188309295445,1.0048324766046624,1.0,WT,Active
0,24.42239496660583,0.9252893368431651,1.0,WT,Active
0,23.94851683037353,0.9073355535627615,1.0,WT,Active
0,28.59353550033746,1.08332100669428,1.0,WT,Active
0,27.3031295091874,1.034431497477747,1.0,WT,Active
0,22.52942781039421,0.8535706406615691,1.0,WT,Active
0,25.31445571207137,0.9590867713996148,1.0,WT,Active
0,23.74048149819356,0.8994537354685099,1.0,WT,Active
0,24.25983844976794,0.919130571010816,1.0,WT,Active
0,21.54838235848596,0.8164018496052288,1.0,WT,Active
0,25.25205064636383,0.9567224356355287,1.0,WT,Active
0,23.08138658264838,0.8744826587925578,1.0,WT,Active
0,26.66291772076265,1.0101758443380484,1.0,WT,Active
0,26.78827590797376,1.0149252800126016,1.0,WT,Active
0,23.25961275266341,0.8812350995292996,1.0,WT,Active
0,,,,WT,Missing
0,27.31272931615517,1.0347952046012776,1.0,WT,Active
0,26.44590493054769,1.0019538980048142,1.0,WT,Active
0,24.80615425407464,0.9398287944637201,1.0,WT,Active
0,26.2621817159238,0.9949931911759186,1.0,WT,Active
1,19.69333127077466,0.7461196764970798,3.158734,Variant,Active
2,12.78145619814414,0.48425001502276416,2.476487,Variant,Active
3,14.19028433203344,0.5376261745482684,2.882078,Variant,Active
4,19.54938628643722,0.7406660443172051,1.793549,Variant,Active
5,24.07418370076226,0.912096684292329,1.876754,Variant,Active
6,0.0,0.0,1.803188,Variant,Inactive
7,0.0,0.0,2.629222,Variant,Inactive
8,22.93109781915619,0.8687886803560935,1.735193,BC,Active
9,24.51048442368297,0.9286267751015027,2.2098545,Variant,Active
10,25.05308726125343,0.9491843256788024,1.8912665,Variant,Active
11,25.89341507344414,0.981021758704351,2.264021,Variant,Active
12,24.46364953566956,0.9268523454220913,1.609188,Variant,Active
13,26.73835381726647,1.013033885730119,1.035151,Variant,Active
14,23.10286999140409,0.8752965989924393,0.511589,Variant,Active
15,26.58785639293296,1.0073320017769454,0.303254,Variant,Active
16,24.44448947044884,0.926126429554045,1.592759,Variant,Active
17,25.16016409147771,0.9532411370343212,0.696983,Variant,Active
18,25.28984558723821,0.9581543695562397,2.352904,Variant,Active
19,26.09610177635075,0.9887009337064679,2.2,Variant,Active
20,25.07388114398229,0.9499721418609127,3.629219,Variant,Active
21,21.44226879249887,0.8123815333652976,3.33116,Variant,Active
22,23.17562135188104,0.8780529240040608,3.03884,Variant,Active
23,27.61563592614273,1.0462714032568163,1.82555,Variant,Active
24,26.78465422957578,1.0147880657710127,1.060006,Variant,Active
25,25.79486393564791,0.9772879595801742,0.106357,Variant,Active
26,25.31916519218465,0.9592651990983254,0.173711,Variant,Active
27,25.88906801730699,0.9808570621340161,0.965908,BC,Active
28,24.66046982190077,0.9343092599619296,0.067069,Variant,Active
29,21.94046355144656,0.8312565985976701,0.982908,Variant,Active
30,26.34026147088928,0.9979513926459904,1.155989,Variant,Active
31,,,,Variant,Missing
32,26.47879875795948,1.0032001438293414,1.223947,Variant,Active
33,28.27882968563505,1.07139777250759,1.305885,BC,Active
34,29.63615333000235,1.1228225855324985,,Variant,Active
35,27.67853130522377,1.048654315484711,1.5032535,Variant,Active
36,25.84691691715786,0.9792600867531197,1.117288,Variant,Active
37,25.98698966195628,0.9845670117013712,1.05579,Variant,Active
38,25.95645596251562,0.9834101838576872,0.572116,Variant,Active
39,24.6851244897624,0.935243349403484,1.846821,Variant,Active
40,26.66137072739131,1.0101172335231539,1.266453,Variant,Active
41,,,,Variant,Missing
42,23.73271602239269,0.8991595255040947,1.076973,BC,Active
43,27.27593794194613,1.033401292731046,1.106122,BC,Active
44,22.39414771929433,0.8484452946030419,1.335478,Variant,Active
45,23.04778659007302,0.8732096585446091,1.300913,Variant,Active
46,27.39957185678776,1.0380854010353937,1.562298,BC,Active
47,27.6481298219432,1.0475024969041749,1.59544,BC,Active
48,,,,Variant,Missing
49,2.017279835707457,0.07642852078844473,1.214699,Variant,Active
50,4.979367913277634,0.18865291633661252,1.315322,Variant,Active
51,0.0,0.0,1.246453,Variant,Inactive
52,0.2330064883251327,0.008827898302247469,1.21599,Variant,Active
53,0.0,0.0,1.59214,Variant,Inactive
54,,,,Variant,Missing
55,4.882747233019797,0.18499225630374705,0.881901,Variant,Active
56,4.157489423613796,0.1575144713271629,0.836513,Variant,Active
57,0.4453674207430118,0.016873600068884814,1.051686,Variant,Active
58,22.85402587877395,0.865868661877029,0.844011,Variant,Active
59,1.338402212933148,0.05070793825616557,1.021736,Variant,Active
60,12.00603837806785,0.45487182170897067,1.5073,Variant,Active
61,0.1097558744954335,0.00415831209287151,2.288686,Variant,Active
62,27.56633192985032,1.0444034266683,1.90618,Variant,Active
63,12.32744653385642,0.4670489869596448,1.417016,Variant,Active
64,14.23743289465509,0.5394124883926291,1.318325,Variant,Active
65,3.172568898088162,0.12019886566469783,1.720439,Variant,Active
66,22.18645191990081,0.8405763403604821,0.973024,Variant,Active
67,12.23287117083109,0.4634658176981917,0.929837,Variant,Active
68,0.38277482540752,0.01450215938469057,1.053028,Variant,Active
69,24.58141873763428,0.9313142578158383,1.047833,BC,Active
70,22.7043347791607,0.8601973270844399,0.843462,Variant,Active
71,23.90364319305455,0.9056354296325165,0.33503,Variant,Active
72,,,,Variant,Missing
73,24.00474149620151,0.9094657330078707,0.685442,Variant,Active
74,23.71882298089221,0.8986331609450786,0.715563,Variant,Active
75,25.04806547085338,0.9489940655050815,0.470437,Variant,Active
76,25.63003100523977,0.9710429474478337,1.089899333333333,Variant,Active
77,25.67940528171372,0.9729135867360019,0.8519775,Variant,Active
78,26.31444342592171,0.9969732264284963,1.092046,BC,Active
79,26.76617853291226,1.014088078520095,0.268747,Variant,Active
80,25.92997464169116,0.9824068881605249,1.218537,Variant,Active
81,27.73783774524834,1.050901253863846,1.701003,Variant,Active
82,26.08155917299799,0.9881499592491861,1.31955,Variant,Active
83,,,,Variant,Missing
84,25.67976924675368,0.9729273762505405,1.022148,Variant,Active
85,25.03409058629746,0.9484646001647293,1.025949,Variant,Active
86,,,,Variant,Missing
87,21.89411486190725,0.8295005894812006,0.855729,Variant,Active
88,25.58068391828968,0.9691733382869949,0.9668755,Variant,Active
89,,,,Variant,Missing
90,26.56814183807165,1.0065850780039607,1.616267,Variant,Active
91,,,,Variant,Missing
92,27.40530951411695,1.038302783202557,1.283948,Variant,Active
93,26.56306804615024,1.0063928476527333,,BC,Active
94,10.35018209531041,0.3921365263427622,0.279622,Variant,Active
95,27.94600721270657,1.058788153930723,0.8062,Variant,Active
96,27.02907354473055,1.0240483609361863,1.245525,Variant,Active
97,23.02437703374817,0.8723227425448788,1.447306,Variant,Active
98,18.66241519617745,0.7070614411229762,1.992552,Variant,Active
99,8.395550138448872,0.31808154076047696,1.384467,Variant,Active
100,1.382616336062055,0.052383075224713825,1.35199,Variant,Active
101,22.89773791844431,0.8675247764494923,1.284045,Variant,Active
102,24.5218168716261,0.9290561266559446,1.584216,Variant,Active
103,23.8579874762859,0.9039056751203269,2.122461,Variant,Active
104,19.59761265554974,0.742493192930414,0.903225,Variant,Active
105,18.86221892631643,0.714631389165004,0.967738,Variant,Active
106,24.42005712175684,0.925200763101199,1.410614,Variant,Active
107,25.76575912996764,0.9761852681208121,1.40888,Variant,Active
108,18.65522602436796,0.7067890655420739,1.413334,Variant,Active
109,,,,Variant,Missing
110,24.73339556310582,0.9370721917223357,0.956217,Variant,Active
111,26.90630038340043,1.0193968639317108,0.7102643333333333,Variant,Active
112,9.2508529113962,0.3504863289339007,0.819968,Variant,Active
113,25.92529655404102,0.9822296498255699,0.874319,Variant,Active
114,19.24478908299632,0.7291257942818793,1.017306,Variant,Active
115,4.190410699298009,0.15876175708220572,1.335621,Variant,Active
116,,,,Variant,Missing
117,22.59518143252157,0.8560618429165672,0.911459,Variant,Active
118,17.21969665038289,0.6524012782554559,1.55481,Variant,Active
119,0.0,0.0,2.18606,Variant,Inactive
120,0.0,0.0,2.027147,Variant,Inactive
121,10.90629224734938,0.413205827469678,1.714826,Variant,Active
122,20.4669729496777,0.775430577291422,2.831281,Variant,Active
123,3.040655189811321,0.11520106148460416,2.741208,Variant,Active
124,10.01187508049397,0.37931911536333446,2.250104,Variant,Active
125,18.49790118515612,0.700828511864094,1.663716,Variant,Active
126,20.26588708123532,0.7678120529774063,0.915429,Variant,Active
127,13.09415588202595,0.4960972430905149,2.275986,Variant,Active
128,21.44141091281961,0.8123490309460796,1.594915,Variant,Active
129,19.44326218488534,0.7366453289171683,1.5544,Variant,Active
130,,,,Variant,Missing
131,0.0,0.0,0.648024,Variant,Inactive
132,23.96221145887388,0.9078544008642129,1.551116,Variant,Active
133,23.2497861353417,0.8808627992599177,0.738982,Variant,Active
134,,,,Variant,Missing
135,20.15407682786344,0.7635759067953387,0.31134,Variant,Active
136,24.74655554142353,0.937570782774815,1.258175,Variant,Active
137,26.27605835381128,0.9955189342525528,1.945061,Variant,Active
138,21.33657684903683,0.8083771911044598,1.342062,Variant,Active
139,24.29849236025684,0.9205950486450355,1.153689,Variant,Active
140,23.1529997035872,0.877195859413273,0.682041,Variant,Active
141,16.09540334434018,0.6098052671358287,0.288753,Variant,Active
142,25.17887836883446,0.9539501633729994,0.377814,Variant,Active
143,25.88789205495718,0.9808125085419424,1.183451,Variant,Active
144,27.54329637362839,1.043530680380741,1.157959,Variant,Active
145,20.58699323376156,0.7799777762544857,1.122044,Variant,Active
146,21.89971465348586,0.8297127483396302,1.144878,Variant,Active
147,,,,Variant,Missing
148,,,,Variant,Missing
149,22.48898803248097,0.8520385020101965,0.981514,Variant,Active
150,23.54174143267495,0.8919240864034068,1.262344,BC,Active
151,5.784417468726666,0.21915376485314295,0.041503,Variant,Active
152,23.84611114103215,0.9034557173505793,1.690428,Variant,Active
153,24.29571619231547,0.9204898681909094,0.988993,Variant,Active
154,24.00848486413294,0.9096075576911405,0.989793,Variant,Active
155,5.726510161275185,0.21695983529859197,0.09543199999999999,Variant,Active
156,,,,Variant,Missing
157,21.5358968519471,0.8159288122114233,1.141512,Variant,Active
158,24.34598073081382,0.9223942367656319,0.94452,Variant,Active
159,,,,Variant,Missing
160,22.34995965617336,0.8467711449679428,0.744475,Variant,Active
161,16.67209149006392,0.6316542050738017,0.145368,Variant,Active
162,21.90716429637003,0.829994992367435,2.682833,Variant,Active
163,25.11262956343664,0.951440200148794,2.316551,Variant,Active
164,24.30825341608703,0.9209648649913994,2.770506,Variant,Active
165,23.70769681956306,0.8982116249551836,2.917979,Variant,Active
166,20.74462413123615,0.785949925537539,1.213794,Variant,Active
167,,,,Variant,Missing
168,7.507754331726662,0.28444569159918964,2.537266,Variant,Active
169,,,,Variant,Missing
170,,,,Variant,Missing
171,,,,Variant,Missing
172,8.34936683299412,0.31633179753767326,2.132706,Variant,Active
173,0.0,0.0,1.773914,Variant,Inactive
174,15.87600127244182,0.6014927982773717,1.567883,Variant,Active
175,0.0,0.0,1.940818,Variant,Inactive
176,2.455380669551809,0.09302681225709736,1.10324,Variant,Active
177,0.0,0.0,1.208206,Variant,Inactive
178,7.18127292332558,0.2720763164300416,1.0042945,Variant,Active
179,0.0,0.0,1.646688,Variant,Inactive
180,4.206419514642043,0.15936828179665655,1.419307,Variant,Active
181,10.69072630488156,0.4050386977420343,1.281701,Variant,Active
182,22.81701370749996,0.8644663846859484,0.827037,Variant,Active
183,26.86597992887794,1.017869246076159,0.9404824999999999,Variant,Active
184,20.71406423981268,0.7847921053602841,2.251515,Variant,Active
185,16.8745724400493,0.6393255847313465,0.879692,Variant,Active
186,24.16938845722645,0.9157036993329718,2.233512,BC,Active
187,24.62738225714211,0.933055674025941,1.149406,Variant,Active
188,24.25203701570699,0.9188349986986594,1.913893,BC,Active
189,26.47369098303138,1.0030066259666408,0.6922550000000001,Variant,Active
190,21.6488149954397,0.820206932938432,0.845666,Variant,Active
191,24.83264700544688,0.9408325232291376,0.6709324999999999,Variant,Active
192,1.29627594538241,0.04911190370595055,0.815164,Variant,Active
193,,,,Variant,Missing
194,22.78140597117233,0.8631173172100465,1.017277,Variant,Active
195,7.110516317250672,0.2693955665198937,1.153101,Variant,Active
196,12.73945390379148,0.4826586774352505,1.47117,Variant,Active
197,21.91890035635652,0.8304396355392819,1.136585,Variant,Active
198,0.0,0.0,,Variant,Inactive
199,13.74626153010553,0.5208035179455519,1.326825,Variant,Active
200,0.0,0.0,1.694415,Variant,Inactive
201,5.117937461474004,0.19390288979468637,1.518249,Variant,Active
202,0.0,0.0,1.384913,Variant,Inactive
203,0.0,0.0,1.49531,Variant,Inactive
204,0.0,0.0,1.596393,Variant,Inactive
205,0.0,0.0,1.554795,Variant,Inactive
206,27.31925791788018,1.0350425532158956,0.655069,BC,Active
207,1.630240611279847,0.06176479645704321,0.750942,Variant,Active
208,2.922765871918565,0.11073459826823921,1.596135,Variant,Active
209,27.19765986071437,1.0304355772894882,1.607877,Variant,Active
210,13.40650001606789,0.507931000469744,2.247821,Variant,Active
211,28.11539110176689,1.0652055878717777,2.274845,Variant,Active
212,27.00286878051469,1.0230555431172714,2.061946,Variant,Active
213,22.85603911357822,0.865944937144033,2.076283,Variant,Active
214,,,,Variant,Missing
215,25.80537118866823,0.9776860470401677,1.656255,Variant,Active
216,22.51263122232786,0.8529342696646054,1.633583,Variant,Active
217,28.3660215434172,1.0747012034927856,0.6335594999999999,Variant,Active
218,27.82690043914904,1.0542755650683584,1.252026,Variant,Active
219,25.24260809333281,0.9563646863794002,0.742551,Variant,Active
220,26.19325813854235,0.9923818890781784,0.964672,Variant,Active
221,27.36315301476357,1.0367056032624384,1.915707,BC,Active
222,26.05078388235069,0.9869839782586595,0.74009,Variant,Active
223,27.51426485498463,1.0424307655415057,1.719704,BC,Active
224,28.2203867416176,1.0691835493330402,0.294192,Variant,Active
225,27.47142212718345,1.0408075865187312,0.1847,Variant,Active
226,27.07397538526092,1.0257495533992593,1.59924,Variant,Active
227,28.94222332545509,1.0965317146084521,1.9944275,BC,Active
228,,,,Variant,Missing
229,22.70635340761444,0.8602738067002125,0.123074,Variant,Active
230,27.38138729370705,1.0373964439393866,2.096663,BC,Active
231,28.40838416612063,1.0763061928118836,0.421925,Variant,Active
232,25.5843264276826,0.9693113417508333,0.143818,Variant,Active
233,26.22772963775933,0.9936879080289849,1.235831,Variant,Active
234,28.3808732787233,1.0752638900078118,1.582934,BC,Active
235,,,,Variant,Missing
236,2.251702916351964,0.08531008941129603,0.051577,Variant,Active
237,,,,Variant,Missing
238,13.05525658457898,0.49462346850012007,0.789524,Variant,Active
239,25.47088596312994,0.9650134318873398,1.3530485,BC,Active
240,16.30098367103612,0.6175940726324473,1.3847175,Variant,Active
241,17.54757727621607,0.6648236654642345,0.025238,Variant,Active
242,6.663224672777271,0.25244906353948593,0.996779,Variant,Active
243,27.41762558611137,1.0387694012432453,1.9315775,BC,Active
244,,,,Variant,Missing
245,,,,Variant,Missing
246,26.57787789959193,1.0069539473928917,2.085491,Variant,Active
247,,,,Variant,Missing
248,24.41209873919552,0.9248992444936842,2.408412,Variant,Active
249,22.05156489627949,0.8354658864182714,0.998929,Variant,Active
250,28.59271413012678,1.083289887506396,1.746962,Variant,Active
251,26.81786694602598,1.0160463933191908,2.150825,Variant,Active
252,2.980250076157334,0.1129124977450013,1.134301,Variant,Active
253,24.51259482060802,0.9287067315420534,2.128911,Variant,Active
254,25.90383574871115,0.9814165659998867,1.340612,Variant,Active
255,23.17630722319871,0.8780789095561555,1.572078,Variant,Active
256,21.6541126730102,0.8204076456274504,0.592224,Variant,Active
257,23.39902938801859,0.8865171665112269,0.763791,Variant,Active
258,25.08971015245605,0.9505718542467617,1.417306,Variant,Active
259,25.36680862708908,0.9610702621295281,2.247641,Variant,Active
260,,,,Variant,Missing
261,24.50978157801401,0.9286001464435096,2.298467,BC,Active
262,,,,Variant,Missing
263,18.86763436035075,0.7148365632838071,0.441192,Variant,Active
264,26.5424886543301,1.0056131578706327,1.673617,Variant,Active
265,22.44599614706578,0.850409671864756,1.841343,Variant,Active
266,26.48420118535246,1.0034048251665577,2.459677,BC,Active
267,27.21402567201519,1.0310556274813774,1.920756,Variant,Active
268,17.41307014222689,0.6597276043703204,0.466089,Variant,Active
269,23.78895684725923,0.9012903171654133,0.80372,Variant,Active
270,23.26548913807479,0.8814577376762858,2.876746,BC,Active
271,22.61386552892063,0.8567697257917004,,Variant,Active
272,,,,Variant,Missing
273,24.25636584983242,0.9189990048930846,0.67729,Variant,Active
274,,,,Variant,Missing
275,15.36998725793972,0.5823214855313364,1.90705,Variant,Active
276,11.04025574755395,0.4182812919536062,1.577785,Variant,Active
277,18.97592439170676,0.7189393390941703,1.568557,Variant,Active
278,23.37863872919847,0.8857446272412961,1.727449,Variant,Active
279,14.23836939439284,0.539447969483754,1.195887,Variant,Active
280,22.52681149276849,0.853471516443646,1.306892,Variant,Active
281,24.75733505720444,0.9379791854323777,1.278626,BC,Active
282,22.16149592840305,0.8396308346942769,1.746272,Variant,Active
283,17.68662370923204,0.6700917066195625,0.892752,Variant,Active
284,24.46389894445845,0.9268617947530512,1.562055,Variant,Active
285,25.0706389598505,0.9498493054884222,1.558144,Variant,Active
286,25.77852878188195,0.9766690709078715,2.371081,BC,Active
287,19.23367099576859,0.7287045641948229,1.491114,Variant,Active
288,22.20941096339923,0.8414461878165671,0.867829,Variant,Active
289,23.74572998286297,0.8996525843899948,0.878909,Variant,Active
290,,,,Variant,Missing
291,22.55253844947892,0.854446231607582,0.51438,Variant,Active
292,26.00996025179065,0.9854372966125686,0.605314,Variant,Active
293,26.01175376889458,0.9855052474525243,0.7096089999999999,Variant,Active
294,,,,Variant,Missing
295,24.50380484851583,0.9283737065680829,0.3305145,Variant,Active
296,0.0,0.0,1.341395,Variant,Inactive
297,8.100043674324604,0.30688571084304717,1.694138,Variant,Active
298,0.0,0.0,1.529715,Variant,Inactive
299,0.0,0.0,1.656263,Variant,Inactive
300,26.1045667492146,0.9890216454605075,1.564744,BC,Active
301,,,,Variant,Missing
302,15.20706103230218,0.5761487125710819,0.85278,Variant,Active
303,22.25966470310764,0.8433501472583935,0.898559,Variant,Active
304,27.28874915559013,1.0338866701640546,0.813857,BC,Active
305,25.97336833780178,0.9840509416758444,0.98122,Variant,Active
306,21.28100175081807,0.8062716217757292,0.916289,Variant,Active
307,16.72530001552036,0.6336701122483974,0.276261,Variant,Active
308,15.47224278344203,0.5861956324980838,0.468913,Variant,Active
309,6.719542195985428,0.2545827610647769,0.332267,Variant,Active
310,18.51502402214982,0.7014772434282358,0.197492,Variant,Active
311,24.19219163614893,0.9165676415602574,0.355457,Variant,Active
312,20.51107638264963,0.7771015205507913,0.123392,Variant,Active
313,15.33110644833783,0.5808484113884586,0.201573,Variant,Active
314,11.34288495578431,0.4297469807108198,0.371245,Variant,Active
315,25.57010658140334,0.9687725955651403,0.242418,Variant,Active
316,18.40392612127037,0.6972680860884263,0.305287,Variant,Active
317,24.98626812064935,0.9466527542099714,0.047786,Variant,Active
318,18.34166721591302,0.69490928788991,1.258948,Variant,Active
319,12.54922977477623,0.47545167097954616,1.379852,Variant,Active
320,11.98086574668658,0.453918108224719,1.765482,Variant,Active
321,,,,Variant,Missing
322,27.04560334280003,1.024674624081745,1.430753,Variant,Active
323,,,,Variant,Missing
324,,,,Variant,Missing
325,20.01640232276113,0.7583598437638255,0.063982,Variant,Active
326,30.64148467097358,1.1609114941373615,0.095228,Variant,Active
327,,,,Variant,Missing
328,26.62451198012315,1.0087207690951867,1.1725165,BC,Active
329,17.50440039046743,0.6631878262258659,0.253743,Variant,Active
330,11.01566027497535,0.4173494452390348,0.405969,Variant,Active
331,21.41180192203982,0.8112272374659281,1.498958,Variant,Active
332,0.0,0.0,0.859948,Variant,Inactive
333,20.49192558288864,0.7763759557224813,0.785518,Variant,Active
334,0.0,0.0,0.551743,Variant,Inactive
335,17.21723709842728,0.6523080934060155,1.080545,Variant,Active
336,23.21131420491431,0.8794052162898236,0.387955,Variant,Active
337,,,,Variant,Missing
338,,,,Variant,Missing
339,0.0,0.0,1.206491,Variant,Inactive
340,0.0,0.0,1.516468,Variant,Inactive
341,0.0,0.0,0.911449,Variant,Inactive
342,8.292555907874949,0.31417940653339865,0.52939,Variant,Active
343,0.0,0.0,0.745704,Variant,Inactive
344,10.66783021122317,0.4041712352615348,0.989916,Variant,Active
345,,,,Variant,Missing
346,23.7031059741025,0.8980376919581305,0.941181,Variant,Active
347,0.0,0.0,0.569619,Variant,Inactive
348,25.06677657531563,0.9497029716325579,0.93309,Variant,Active
349,25.49788591236706,0.9660363768179485,1.141572,Variant,Active
350,,,,Variant,Missing
351,26.40742537214282,1.0004960260341436,0.97414,BC,Active
352,20.9989666704736,0.7955861811047681,0.211275,Variant,Active
353,22.74200784533052,0.8616246435479065,0.491953,Variant,Active
354,21.39938667801027,0.8107568621022277,0.286545,Variant,Active
355,0.0,0.0,,Variant,Inactive
356,24.97799539246339,0.9463393260147622,0.679237,Variant,Active
357,24.49085582402476,0.9278831079064654,0.7576805,Variant,Active
358,24.24811892125487,0.9186865541655885,0.963762,Variant,Active
359,25.81468402626538,0.9780388817779638,1.012309,Variant,Active
360,23.85139552937482,0.9036559265516793,0.903908,Variant,Active
361,17.14188695437342,0.6494533084875843,0.083542,Variant,Active
362,26.74161658738386,1.0131575020422094,0.841033,Variant,Active
363,,,,Variant,Missing
364,,,,Variant,Missing
365,25.97904122322036,0.9842658698347789,0.498873,Variant,Active
366,21.62581065042394,0.8193353691473604,0.082086,Variant,Active
367,25.08580640853557,0.9504239534111424,0.334151,Variant,Active
368,,,,Variant,Missing
369,27.38042810824729,1.0373601033561153,0.242107,Variant,Active
370,25.90246957385159,0.9813648058415754,0.298779,Variant,Active
371,27.55030603847003,1.0437962549954207,0.115531,Variant,Active
372,25.0735970568473,0.9499613786742106,0.330576,Variant,Active
373,27.57814542508859,1.044851003623376,1.225702,BC,Active
374,23.82248959419499,0.9025607696831597,0.694313,Variant,Active
375,19.30022813513471,0.7312262092435768,0.8851315,Variant,Active
376,,,,Variant,Missing
377,,,,Variant,Missing
378,,,,Variant,Missing
379,0.0,0.0,1.653646,Variant,Inactive
380,,,,Variant,Missing
381,0.0,0.0,1.550571,Variant,Inactive
382,,,,Variant,Missing
383,,,,Variant,Missing
384,25.96233612277031,0.9836329650218619,1.770538,BC,Active
385,7.853126956262176,0.2975307967724216,0.566962,Variant,Active
386,11.99500574301435,0.45445382914164695,1.486596,Variant,Active
387,9.449906713559251,0.35802786451431384,1.327302,Variant,Active
388,24.27389482083609,0.9196631236241799,2.023353,Variant,Active
389,23.5822186154222,0.8934576422087525,1.805925,Variant,Active
390,1.170772382341082,0.04435696018887321,0.603441,Variant,Active
391,1.14451488262792,0.04336214438436377,0.405882,Variant,Active
392,28.2610108024608,1.0707226698971322,3.072728,Variant,Active
393,13.59930097642301,0.515235635129598,2.340872,Variant,Active
394,0.0,0.0,0.149006,Variant,Inactive
395,13.70654705128736,0.5192988586433426,0.665453,Variant,Active
396,,,,Variant,Missing
397,22.30316067544009,0.8449980757047999,0.990421,Variant,Active
398,29.24179123555824,1.1078814202068528,0.8010405,Variant,Active
399,,,,Variant,Missing
400,0.0,0.0,0.185382,Variant,Inactive
401,12.86237074397476,0.4873156179890151,0.809033,Variant,Active
402,1.115326974933827,0.042256304445609384,1.009403,Variant,Active
403,18.0591498575528,0.684205575190101,0.748607,Variant,Active
404,0.0,0.0,0.577518,Variant,Inactive
405,1.166325164428951,0.04418846879733117,0.674526,Variant,Active
406,1.90063742668535,0.07200929910934935,0.322507,Variant,Active
407,24.37911844132406,0.9236497225697247,0.584081,BC,Active
408,0.0,0.0,0.433987,Variant,Inactive
409,22.25588628998593,0.8432069948207851,1.433382,Variant,Active
410,0.8015554835784678,0.030368468893302757,0.283915,Variant,Active
411,22.57330896884376,0.8552331626237769,0.449925,Variant,Active
412,12.75255841484881,0.48315516700404465,0.36048,Variant,Active
413,21.8967042376069,0.8295986929525123,1.753491,Variant,Active
414,26.0232888363351,0.9859422756357585,2.27595,Variant,Active
415,28.28048489431818,1.0714604832674006,2.383392,BC,Active
416,26.3812408194041,0.9995039739658563,2.03679,BC,Active
417,9.000112795494571,0.34098655809325085,0.913298,Variant,Active
418,23.50945381455904,0.890700807982287,1.139945,Variant,Active
419,24.66378061137425,0.9344346955795475,1.528852,Variant,Active
420,27.02859791454334,1.0240303407730897,1.465054,Variant,Active
421,8.137193460654924,0.30829320184482845,0.778565,Variant,Active
422,26.2355917168269,0.9939857779936868,0.987298,Variant,Active
423,23.68256274246236,0.8972593721738952,0.438477,Variant,Active
424,26.9588109341118,1.0213863269926198,0.749262,BC,Active
425,13.38028623085292,0.5069378408729529,0.34508,Variant,Active
426,,,,Variant,Missing
427,25.53391738772076,0.9674014984606495,0.675813,Variant,Active
428,,,,Variant,Missing
429,23.71047505412323,0.8983168837071318,0.605187,Variant,Active
430,27.61641450379522,1.0463009011664497,0.997618,Variant,Active
431,27.69434173266164,1.04925332389233,0.798337,Variant,Active
432,24.34070969804356,0.9221945335660423,1.072347,Variant,Active
433,,,,Variant,Missing
434,24.88567577840589,0.9428416201351512,1.15048502,Variant,Active
435,25.46253047225762,0.9646968680688108,1.2905385,Variant,Active
436,25.07420361643735,0.9499843593491853,1.363146,Variant,Active
437,,,,Variant,Missing
438,23.51529305321249,0.8909220387530081,1.320243,BC,Active
439,23.12467923077586,0.876122883910972,1.08224,Variant,Active
440,26.89897894024214,1.0191194769967304,1.828954,Variant,Active
441,,,,Variant,Missing
442,,,,Variant,Missing
443,24.31549334088391,0.9212391634467008,1.332553,Variant,Active
444,,,,Variant,Missing
445,,,,Variant,Missing
446,26.27517097561338,0.9954853142253038,1.068866,Variant,Active
447,24.23851088352799,0.9183225352039418,1.286287,BC,Active
448,,,,Variant,Missing
449,23.5006689343247,0.8903679759231301,1.888183,Variant,Active
450,,,,Variant,Missing
451,8.156070190632057,0.30900838301302236,0.284851,Variant,Active
452,25.85468166506736,0.9795542691399725,0.805162,Variant,Active
453,25.1138564128415,0.9514866816946776,0.951818,Variant,Active
454,,,,Variant,Missing
455,22.18099387453727,0.8403695518296358,1.6205,Variant,Active
456,,,,Variant,Missing
457,23.96793332013655,0.9080711845670595,1.619478,Variant,Active
458,21.61973325357873,0.8191051152961584,0.631838,Variant,Active
459,24.26596996707265,0.9193628753195652,0.87864852,Variant,Active
460,,,,Variant,Missing
461,22.18701158345157,0.840597544288944,0.341127,Variant,Active
462,16.15008769836118,0.6118770889099411,0.374224835,Variant,Active
463,,,,Variant,Missing
464,22.88032418526664,0.8668650237247509,1.29043302,Variant,Active
465,26.10380101728505,0.9889926342357582,1.33941576,Variant,Active
466,28.8916545210944,1.0946158183371881,0.52584446,Variant,Active
467,28.39652261721962,1.0758567952515068,0.49586781,Variant,Active
468,26.86725893354319,1.0179177036242473,0.65430783,Variant,Active
469,26.72661831267149,1.012589263600346,0.52210045,Variant,Active
470,23.50928896627324,0.8906945623883861,0.7112,Variant,Active
