alignment_pos,Rr_seq_pos,4_10_seq_pos,Rr_aa,Rr_amino_acid,4_10_aa,4_10_amino_acid,Vmax_median,normalized_kcat_bc,difference,abs_difference,Tag,mutant,Vmax_qbcov,Km_median,Km_qbcov,Vmax_reliable,Km_reliable
53,53,53,T,Thr,T,Thr,0.061263182,0,0.061263182,0.061263182,Active Site,T53A,3.078760124,0.123639919,6.857654305,NO,NO
299,288,299,R,Arg,R,Arg,0.064470964,0,0.064470964,0.064470964,Active Site,R288A,2.010944023,0.238331586,4.21729134,NO,NO
203,194,203,E,Glu,E,Glu,0.154648386,0,0.154648386,0.154648386,Active Site,E194A,1.613844569,0.358899009,2.662656543,NO,NO
340,329,340,K,Lys,K,Lys,0.168409809,0,0.168409809,0.168409809,Loop 6,K329A,1.512024114,0.355620486,2.658077218,NO,NO
334,323,334,G,Gly,G,Gly,0.298569378,0,0.298569378,0.298569378,Loop 6/Active Site,G323A,1.250363695,0.446578984,2.646895897,NO,NO
298,287,298,H,His,H,His,0.254254926,0,0.254254926,0.254254926,Active Site,H287A,2.06252466,0.753956117,2.512125041,NO,NO
200,191,200,K,Lys,K,Lys,0.229553371,0,0.229553371,0.229553371,Active Site,K191A,1.007562661,0.28318291,2.491602399,NO,NO
332,321,332,H,His,H,His,0.150751435,0,0.150751435,0.150751435,Loop 6/Active Site,H321A,1.85643046,0.307228649,2.362911834,NO,NO
202,193,202,D,Asp,D,Asp,0.095149124,0,0.095149124,0.095149124,Active Site,D193A,1.787507366,0.275012496,2.268239808,NO,NO
341,330,341,M,Met,M,Met,0.243205821,0,0.243205821,0.243205821,Loop 6,M330A,1.62470768,0.622734001,2.2663715,NO,NO
241,232,241,I,Ile,I,Ile,0.09331547,0.664823665,-0.571508195,0.571508195,Engineering,I232A,1.073829719,0.18716643,2.255998576,NO,NO
175,166,175,K,Lys,K,Lys,0.088766042,0,0.088766042,0.088766042,Active Site,K166A,1.732749183,0.316045232,2.180965108,NO,NO
379,368,379,S,Ser,S,Ser,0.339630656,0,0.339630656,0.339630656,Active Site,S368A,2.086332303,0.960582632,1.819888637,NO,NO
339,328,339,G,Gly,G,Gly,0.381709177,0,0.381709177,0.381709177,Loop 6,G328A,1.075469603,0.51960138,1.38321188,NO,NO
120,111,120,N,Asn,N,Asn,0.164232817,0,0.164232817,0.164232817,Active Site,N111A,1.345653921,0.730915408,1.064430427,NO,NO
335,324,335,T,Thr,T,Thr,0.715178032,0.652308093,0.062869939,0.062869939,Loop 6,T324A,0.207824238,0.22677496,0.440219559,yes,yes
201,192,201,N,Asn,N,Asn,0.890876648,0.19390289,0.696973758,0.696973758,Active Site,N192A,0.113085096,0.243689241,0.293359843,yes,yes
343,332,343,G,Gly,G,Gly,0.831400958,0,0.831400958,0.831400958,Loop 6,G332A,0.091869945,0.182616974,0.210674038,yes,yes
155,146,155,L,Leu,L,Leu,0.974146613,0.216959835,0.757186778,0.757186778,Engineering,L146A,0.08769827,0.151090229,0.173624458,yes,yes
336,325,336,M,Met,M,Met,0.894298201,0.879405216,0.014892985,0.014892985,Loop 6,M325A,0.111065873,0.174425249,0.170711563,yes,yes
342,331,342,E,Glu,E,Glu,0.860451688,0.314179407,0.546272281,0.546272281,Loop 6,E331A,0.06427256,0.162936421,0.15068573,yes,yes
333,322,333,T,Thr,T,Thr,0.937664838,0.776375956,0.161288882,0.161288882,Loop 6,T322A,0.066521002,0.150152617,0.124780659,yes,yes
344,333,344,E,Glu,H,His,1.050379599,0.404171235,0.646208364,0.646208364,Loop 6,E333A,0.05585481,0.153555663,0.114886,yes,yes
236,227,236,L,Leu,L,Leu,0.939026442,0.085310089,0.853716353,0.853716353,Engineering,L227A,0.061582793,0.155838351,0.109513747,yes,yes
151,142,151,N,Asn,N,Asn,0.971406626,0.219153765,0.752252861,0.752252861,Engineering,N142A,0.036980625,0.16478712,0.099861269,yes,yes
330,319,330,G,Gly,G,Gly,0.984199817,0.417349445,0.566850372,0.566850372,Loop 6,G319A,0.034851757,0.171211274,0.096393201,yes,yes
104,95,104,T,Thr,T,Thr,0.994740599,0.742493193,0.252247406,0.252247406,Engineering,T95A,0.032304548,0.148347528,0.07009646,yes,yes