position,WTresidue,Vmax_median
72,Y,0.031736991
51,T,0.047011284
184,W,0.052526158
53,T,0.061263182
226,K,0.062052961
168,K,0.062552041
288,R,0.064470964
260,L,0.067976585
125,D,0.069185416
251,F,0.082836857
28,Y,0.088413649
166,K,0.088766042
232,I,0.09331547
193,D,0.095149124
313,R,0.098633574
25,L,0.098974575
110,G,0.101794812
83,I,0.106634143
7,Y,0.108486328
393,G,0.10998278
261,L,0.110022678
215,M,0.111096761
85,Y,0.111616262
82,K,0.124399669
219,Q,0.124989579
279,F,0.127725126
353,Y,0.129568715
357,W,0.135163244
239,E,0.13727795
129,P,0.142493492
263,D,0.147745678
52,G,0.149137965
6,R,0.149235576
321,H,0.150751435
290,G,0.153919066
194,E,0.154648386
243,R,0.155073414
228,F,0.162087015
111,N,0.164232817
370,G,0.165290773
329,K,0.168409809
17,L,0.196705218
48,E,0.197023024
369,G,0.202730267
195,P,0.211920839
191,K,0.229553371
330,M,0.243205821
287,H,0.254254926
248,L,0.281731998
113,Q,0.285738701
14,E,0.286884965
323,G,0.298569378
30,M,0.324661216
122,K,0.329601688
285,H,0.337018262
368,S,0.339630656
350,G,0.367879461
328,G,0.381709177
61,D,0.414855833
291,H,0.426345476
10,L,0.439586957
190,I,0.506280839
183,F,0.544419195
245,E,0.545774418
23,H,0.555390382
57,V,0.557043634
301,R,0.571099784
71,V,0.581116115
220,D,0.587666185
91,D,0.589258216
394,G,0.589758831
123,M,0.591314794
59,T,0.603036652
401,D,0.614065937
18,I,0.615331245
437,F,0.633668042
399,H,0.638246271
433,L,0.640672229
223,G,0.641904384
127,Y,0.642793312
45,F,0.651963829
196,Q,0.655265164
31,K,0.658948255
258,V,0.665179945
391,T,0.668378297
379,F,0.694806974
254,N,0.702367973
257,H,0.704017537
395,G,0.704256846
170,G,0.706575568
162,G,0.707106371
90,F,0.710768621
402,G,0.713444516
324,T,0.715178032
60,T,0.725939404
54,N,0.730072821
75,D,0.73179771
188,D,0.73297782
163,T,0.73692966
336,D,0.738886886
158,G,0.748359566
240,I,0.749405767
233,T,0.74952348
397,F,0.753756564
320,I,0.753829563
5,S,0.756331253
80,L,0.756472401
16,D,0.756931676
126,F,0.759036773
35,G,0.762235567
371,M,0.763851023
24,V,0.76425989
33,K,0.764662652
65,R,0.765931259
176,F,0.766818987
3,Q,0.771562728
231,N,0.775875335
222,T,0.777608483
4,S,0.77799215
13,K,0.779179623
26,C,0.783065592
406,G,0.788180038
283,F,0.788972118
236,D,0.790304391
451,W,0.791103221
120,Y,0.792143695
8,V,0.795244959
253,E,0.796935832
9,N,0.80127835
21,G,0.804771
213,D,0.804789349
286,Y,0.805561929
86,P,0.811088342
147,W,0.811293673
366,I,0.816188956
247,V,0.816954918
410,L,0.818242982
268,G,0.818512057
440,F,0.824310127
375,R,0.825105393
187,G,0.829749733
383,L,0.831115877
332,G,0.831400958
282,N,0.835180956
12,L,0.840415504
38,Y,0.842232123
249,E,0.846186823
417,W,0.848600451
382,N,0.850618332
96,D,0.852327222
32,P,0.85241034
105,L,0.857515408
292,G,0.860358999
331,E,0.860451688
372,N,0.863823151
455,L,0.865849584
117,D,0.868182213
171,L,0.868922516
70,L,0.869316337
435,R,0.875268386
39,V,0.879111185
181,H,0.880609693
55,V,0.882495158
118,V,0.88355983
314,L,0.88429864
114,G,0.885350658
296,S,0.885893844
192,N,0.890876648
50,S,0.890991944
280,P,0.893730744
355,Q,0.893961603
325,M,0.894298201
237,P,0.895146643
167,P,0.895401828
387,N,0.896807166
185,L,0.900529317
326,G,0.902909426
380,F,0.905623554
89,L,0.906178844
44,H,0.90834182
389,I,0.908636811
432,E,0.910198855
385,N,0.911070588
367,I,0.911200091
241,I,0.914230709
374,L,0.914973181
87,V,0.917278324
156,D,0.918891025
244,G,0.919082078
161,V,0.919271868
262,V,0.919968498
424,L,0.920255496
74,V,0.920287634
172,R,0.920561982
445,D,0.920655811
152,R,0.9224437
58,C,0.922820956
164,I,0.923793921
150,L,0.924039331
63,F,0.925065453
159,L,0.926631354
316,G,0.927469583
400,I,0.928443061
430,H,0.928594863
201,F,0.928709389
343,L,0.92946876
390,L,0.930587503
439,S,0.931630235
104,F,0.93186299
160,V,0.932521935
180,C,0.933162579
420,G,0.933565415
189,F,0.933817995
363,C,0.935310341
418,R,0.935410321
64,T,0.93566701
322,T,0.937664838
67,V,0.93785622
227,L,0.939026442
384,G,0.939054831
41,T,0.940576017
425,D,0.941086428
284,L,0.941884465
414,W,0.942205775
398,G,0.943943761
365,P,0.944824818
412,Q,0.945746469
464,L,0.945839326
128,V,0.946248032
447,I,0.947055918
421,V,0.94749262
337,R,0.94799131
327,F,0.94801192
76,E,0.948977264
94,I,0.948981793
211,V,0.94927597
136,F,0.950777478
73,E,0.950975488
339,I,0.951169395
217,R,0.95217796
29,I,0.953742684
376,M,0.954499778
103,S,0.954657928
306,F,0.954834436
165,I,0.955776585
266,V,0.955834902
207,T,0.957038196
426,Y,0.95874241
450,G,0.961296534
281,D,0.961537741
411,R,0.963150895
157,G,0.963165351
112,N,0.963772469
342,M,0.964193424
200,P,0.964455127
452,R,0.964595692
148,K,0.964766788
252,G,0.966365177
419,D,0.966416285
246,Y,0.966908115
341,Y,0.966974769
153,P,0.967346261
206,D,0.967563782
151,G,0.967603178
92,R,0.967651161
224,E,0.96818032
272,I,0.968313019
208,I,0.968366402
443,D,0.968566908
351,P,0.968719211
119,E,0.968922148
198,N,0.969002878
409,S,0.969136285
116,G,0.969161114
441,P,0.969360131
276,R,0.969411849
423,V,0.969618068
144,S,0.970197084
422,P,0.970328303
178,E,0.970602959
456,G,0.971386185
142,N,0.971406626
377,P,0.971833684
449,P,0.972300735
175,P,0.973673931
146,L,0.974146613
140,S,0.974190348
300,K,0.974738656
15,E,0.975026315
277,R,0.975907675
278,R,0.976013828
204,L,0.976113909
132,Y,0.97626713
311,M,0.976287512
453,K,0.977440366
20,G,0.978460258
216,R,0.978464519
429,E,0.979367756
203,P,0.979646201
256,S,0.980218376
197,G,0.981079742
431,K,0.981212644
354,R,0.981340201
309,C,0.982059295
68,D,0.982078834
56,E,0.982408446
36,Y,0.982558049
388,V,0.982738781
81,T,0.982767455
133,R,0.983131236
130,E,0.983146445
352,F,0.983370532
428,R,0.983517347
229,S,0.983637861
319,G,0.984199817
438,E,0.984421227
137,D,0.984532538
101,I,0.984580055
359,G,0.985767012
174,K,0.985936917
404,V,0.985979967
37,G,0.986432044
442,G,0.987314987
298,Q,0.987873832
448,Y,0.988267643
205,R,0.9884098
155,V,0.988481256
273,T,0.989016978
135,L,0.989552207
79,E,0.989564713
446,Q,0.99006141
169,L,0.990462266
345,Q,0.991338819
364,T,0.991533259
107,L,0.992066628
349,Q,0.99206787
97,G,0.99275103
221,E,0.99318183
139,P,0.993489967
143,I,0.993691411
250,T,0.994190979
62,D,0.994203034
334,S,0.994285395
22,E,0.994293204
109,M,0.994680651
95,T,0.994740599
78,R,0.994986981
49,S,0.995178209
381,E,0.995293893
138,G,0.995466464
360,M,0.997639449
318,S,0.997736267
403,P,0.998959857
460,T,0.999389189
106,T,0.999452083
149,V,0.999529238
415,Q,0.999616671
358,G,0.999889838
304,T,1.000424259
154,E,1.000537387
346,D,1.000720195
461,R,1.001146738
108,T,1.001923989
361,K,1.004689552
100,M,1.005553863
462,S,1.005654416
210,L,1.006759722
299,S,1.00684205
457,V,1.007251803
93,N,1.007648747
378,G,1.007810893
315,Q,1.008861601
335,S,1.009472153
294,V,1.009500453
186,G,1.009913515
66,G,1.009967553
307,V,1.010409065
459,D,1.013692408
238,F,1.015165943
297,P,1.015278105
274,T,1.015374266
173,P,1.01626746
458,E,1.019038896
356,S,1.019098784
199,Q,1.020180446
98,K,1.021472393
347,E,1.022903673
344,T,1.023309101
124,H,1.031820281
141,V,1.036617178
235,D,1.048321663
333,E,1.050379599
308,H,1.079421319
115,M,1.094957923
302,G,1.19003775
303,Y,1.202375343
265,Y,1.23313137
295,T,1.904798852