Position,RBC4.9 (MmRBC),RBC2.3 (Zb_53_45_RBC),RBC4.11 (Zb_CG1_02_49_23_RBC),RBC4.10 (GspRBC),13 (MAG GspRBC)
9,D,D,N,N,N
11,S,S,D,N,N
13,K,N,K,K,K
15,E,A,E,E,E
19,A,A,A,K,K
20,G,G,G,N,G
24,L,L,F,L,L
34,E,K,K,K,K
36,Y,Y,F,H,Y
45,V,I,V,V,V
73,E,D,E,E,E
74,I,I,V,I,I
81,D,D,N,D,D
82,H,N,D,D,D
83,P,G,P,P,P
85,T,T,K,K,K
90,M,M,M,F,M
92,I,V,I,V,V
97,D,E,E,E,E
104,I,I,S,T,T
107,H,N,V,T,F
108,F,Y,F,Y,F
110,V,V,V,I,V
128,N,V,E,Q,V
136,M,M,L,L,L
140,V,C,C,M,Q
142,I,I,V,V,V
143,K,R,K,R,K
144,N,K,K,K,K
149,S,S,A,S,S
150,T,T,T,A,A
151,G,G,N,N,G
153,S,A,S,S,A
154,D,D,D,N,D
155,M,L,M,L,L
158,V,V,T,V,V
159,L,L,M,L,L
162,P,P,P,S,P
164,V,V,V,T,V
170,S,S,A,A,A
183,E,E,E,E,D
186,V,A,A,A,A
187,K,K,R,K,K
190,Y,L,Y,Y,Y
191,Q,D,E,D,D
197,D,D,T,D,D
214,E,K,E,E,E
215,T,V,T,V,V
217,I,I,I,M,I
219,M,K,L,K,K
222,E,E,Q,E,A
223,T,A,T,A,M
226,R,R,R,R,K
227,V,A,A,A,A
230,E,E,E,A,E
233,E,N,E,Q,Q
234,A,A,V,A,A
236,I,L,I,L,L
241,A,A,V,I,V
245,F,F,F,Y,Y
246,H,H,H,Y,H
247,G,G,G,K,V
249,C,C,M,M,M
251,K,A,K,H,K
254,E,E,E,D,E
255,F,Y,F,F,Y
256,I,I,I,V,I
258,E,S,G,E,G
259,S,E,E,T,E
264,G,G,G,N,G
265,N,N,N,S,N
266,E,E,E,A,E
267,K,S,K,S,K
273,I,I,V,V,V
286,A,A,C,A,C
289,A,A,A,E,A
292,D,D,E,D,D
322,I,L,L,L,L
323,S,A,A,V,S
326,S,Q,S,M,M
331,I,I,I,M,I
345,G,G,S,G,A
346,N,K,G,K,K
354,L,I,L,L,L
360,M,M,Q,Q,Q
362,H,H,P,P,P
365,N,N,Y,Y,Y
373,P,P,A,A,P
375,A,A,T,T,A
392,E,E,E,Q,E
397,G,G,A,G,G
407,S,A,A,A,A
416,A,S,A,A,A
418,A,G,G,G,G
419,K,I,K,I,I
422,S,D,D,G,G
426,E,N,D,D,E
429,T,K,K,K,K
430,S,S,T,S,S
432,T,A,A,S,T
437,Y,F,Y,Y,Y
442,N,P,P,K,K
449,D,E,E,E,E
453,G,G,K,K,K
455,A,A,A,G,A
457,K,K,R,K,K
458,I,I,I,L,Y
459,Y,Y,F,F,F
460,G,P,P,A,P
461,D,-,-,-,-
462,D,D,D,G,N
466,K,K,K,K,N
467,I,L,L,L,L
469,A,V,V,V,V