MSA_Column,Ref_Residue,Protein_Residue_Number,UltraFast_Entropy,Slow_Entropy,All_Entropy,Delta_Entropy,Delta_Quantile
134,-,,0.0,0.9709505944546686,0.5435644431995964,0.5435644431995964,Q4_high
135,M,1.0,0.6098403047164004,1.0540157730728,0.9105811342870824,0.30074082957068204,Q3
136,D,2.0,0.0,0.28639695711595625,0.2503546058440193,0.2503546058440193,Q3
138,S,4.0,0.0,0.4689955935892812,0.41040559115063513,0.41040559115063513,Q4_high
139,N,5.0,1.7427376486136672,1.643751954420502,2.134521055575522,0.39178340696185465,Q4_high
142,A,8.0,1.0219280948873624,1.319035274338866,1.149511530505182,0.1275834356178196,Q2
143,N,9.0,1.4406454496153462,1.2192407046368487,1.4128158062530525,-0.027829643362293766,Q1_low
144,L,10.0,0.0,0.28639695711595625,0.15935006268563445,0.15935006268563445,Q3
145,N,11.0,2.1464393446710157,1.4567796494470395,2.0420079297562426,-0.10443141491477315,Q1_low
147,K,13.0,1.7332062193464954,2.0814963295286755,2.283150347232806,0.5499441278863106,Q4_high
149,E,15.0,1.8822287189138016,1.9804820237218406,2.2948705908823177,0.4126418719685161,Q4_high
150,D,16.0,1.319035274338866,1.7709505944546686,1.7451314681328842,0.4260961937940182,Q4_high
151,L,17.0,0.0,0.0,0.09140162014739274,0.09140162014739274,Q2
152,I,18.0,0.5689955935892812,0.28639695711595625,0.8335134956671559,0.26451790207787473,Q3
153,K,19.0,1.9772354454083079,1.3361602543738118,1.9344904858924088,-0.04274495951589907,Q1_low
154,N,20.0,1.1219280948873622,1.7166422780956525,1.7235967527542535,0.6016686578668913,Q4_high
155,G,21.0,0.0,0.747584679824574,0.5193033697487127,0.5193033697487127,Q4_high
156,K,22.0,1.7393538721672006,2.2261207468426805,2.4062242919042105,0.6668704197370099,Q4_high
157,H,23.0,0.0,0.0,0.09140162014739274,0.09140162014739274,Q2
158,L,24.0,1.8822287189138014,0.9927744539878083,1.3622034671137722,-0.5200252518000292,Q1_low
160,V,26.0,0.9709505944546686,1.1883763717345073,1.3037443362737733,0.3327937418191047,Q3
161,A,27.0,0.0,0.5689955935892812,0.27361041979750766,0.27361041979750766,Q3
163,K,29.0,2.2841837197791888,2.708694969562842,2.775029280044505,0.4908455602653161,Q4_high
164,L,30.0,1.0762976257251988,0.8475846798245739,0.8512196261820966,-0.22507799954310226,Q1_low
173,I,31.0,1.4788979029874791,1.4411535278793055,1.7019887231039776,0.2230908201164985,Q3
174,P,32.0,0.0,0.28639695711595625,0.18435243258717526,0.18435243258717526,Q3
175,A,33.0,1.543751954420502,1.2567796494470396,1.5212551336031201,-0.022496820817381913,Q1_low
176,K,34.0,2.0814963295286755,2.763865121950854,2.570461624407967,0.4889652948792915,Q4_high
177,G,35.0,0.28639695711595625,0.28639695711595625,0.27361041979750766,-0.012786537318448588,Q1_low
178,H,36.0,2.0609640474436812,1.5737888130660205,1.9702392649236669,-0.09072478252001437,Q1_low
179,-,,0.0,1.0,1.2776134368191154,1.2776134368191154,Q4_high
180,G,37.0,0.8841837197791889,0.747584679824574,1.4271576530644463,0.5429739332852574,Q4_high
181,F,38.0,1.1883763717345073,1.4190352743388661,1.237673809702704,0.049297437968196745,Q2
182,L,39.0,0.747584679824574,0.5689955935892812,0.7207859548007258,-0.02679872502384817,Q1_low
183,E,40.0,0.9219280948873623,0.6098403047164004,1.342814362291563,0.42088626740420065,Q4_high
184,V,41.0,1.5812908992306924,1.765957320949175,1.6037099656764988,0.02241906644580638,Q2
186,A,43.0,0.0,0.28639695711595625,0.09054385326964295,0.09054385326964295,Q2
188,V,45.0,1.1812908992306925,0.8841837197791889,0.9424051332779779,-0.2388857659527146,Q1_low
189,A,46.0,0.28639695711595625,0.28639695711595625,0.24806230603935048,-0.038334651076605775,Q1_low
193,S,50.0,0.0,0.0,0.09054385326964295,0.09054385326964295,Q2
196,T,53.0,0.0,0.0,0.09054385326964295,0.09054385326964295,Q2
197,N,54.0,0.0,0.0,0.09054385326964295,0.09054385326964295,Q2
199,E,56.0,0.0,0.747584679824574,0.6250195034217759,0.6250195034217759,Q4_high
200,V,57.0,0.28639695711595625,0.0,0.15935006268563445,-0.1270468944303218,Q1_low
201,S,58.0,1.2192407046368487,0.9927744539878083,1.186057598567619,-0.033183106069229806,Q1_low
202,T,59.0,0.0,0.0,0.09054385326964295,0.09054385326964295,Q2
205,D,62.0,0.4689955935892812,0.7219280948873623,0.5685539711764499,0.09955837758716868,Q2
206,F,63.0,0.0,0.0,0.18089488008200816,0.18089488008200816,Q3
207,T,64.0,0.0,0.0,0.09054385326964295,0.09054385326964295,Q2
208,R,65.0,0.9927744539878083,1.1411535278793055,1.1340397784995038,0.1412653245116955,Q2
209,G,66.0,0.0,0.8475846798245739,0.9773265159332745,0.9773265159332745,Q4_high
210,V,67.0,0.0,0.8841837197791889,0.6038782187683704,0.6038782187683704,Q4_high
211,D,68.0,0.0,0.0,0.09054385326964295,0.09054385326964295,Q2
212,A,69.0,0.0,0.0,0.09054385326964295,0.09054385326964295,Q2
213,L,70.0,0.0,1.0540157730728,0.6710790808148868,0.6710790808148868,Q4_high
216,E,73.0,1.6954618442383216,1.5166422780956523,1.987418952411939,0.2919571081736174,Q3
217,I,74.0,0.9917601481809735,1.0219280948873624,1.026271747413906,0.034511599232932566,Q2
218,D,75.0,0.5689955935892812,0.8841837197791889,0.9054238227104217,0.33642822912114045,Q3
219,E,76.0,0.4689955935892812,1.0219280948873624,0.8436169979937221,0.3746214044044409,Q4_high
220,T,77.0,1.9192407046368487,1.5567796494470394,1.8142240166884214,-0.10501668794842733,Q1_low
221,A,78.0,2.608694969562842,2.5232196723355074,2.9085877141436685,0.2998927445808266,Q3
223,F,79.0,0.6500224216483541,2.0,2.064042639445697,1.4140202177973429,Q4_high
224,G,80.0,0.0,0.0,0.37123232664087563,0.37123232664087563,Q4_high
225,D,81.0,0.7219280948873623,,1.061278124459133,0.33935002957177063,Q3
226,D,82.0,1.9219280948873623,,2.128085278891394,0.2061571840040317,Q3
227,P,83.0,0.9182958340544896,,0.8112781244591328,-0.10701770959535672,Q1_low
229,K,85.0,0.9182958340544896,,1.0,0.08170416594551044,Q2
231,G,87.0,0.6500224216483541,1.5,1.9211854965885542,1.2711630749402,Q4_high
232,G,88.0,1.1883763717345073,2.3149798205164815,1.672798771766185,0.4844224000316777,Q4_high
233,L,89.0,1.9609640474436814,2.2841837197791888,2.257892874288164,0.29692882684448274,Q3
234,F,90.0,1.1219280948873622,0.747584679824574,1.0019438659341513,-0.11998422895321093,Q1_low
235,K,91.0,0.8812908992306927,0.8112781244591328,0.8652817028791377,-0.016009196351554955,Q1_low
236,V,92.0,0.4689955935892812,0.5689955935892812,0.581876167967595,0.11288057437831378,Q2
238,Y,94.0,0.0,0.4689955935892812,0.362051251733998,0.362051251733998,Q3
240,V,96.0,1.9477309221191608,2.4588718484453604,2.439351142741517,0.49162022062235633,Q4_high
241,E,97.0,0.8812908992306927,2.008694969562842,1.794220080594395,0.9129291813637024,Q4_high
245,P,101.0,0.9917601481809735,0.28639695711595625,0.9185875816498084,-0.0731725665311651,Q1_low
247,L,103.0,1.675143246409987,1.4567796494470395,1.8615447200023674,0.18640147359238046,Q3
248,T,104.0,1.4689955935892813,1.2344977967946407,1.510979384352203,0.04198379076292169,Q2
250,G,106.0,0.28639695711595625,0.0,0.15790637433488172,-0.12849058278107453,Q1_low
251,T,107.0,1.6788979029874789,0.6098403047164004,1.0509485649158785,-0.6279493380716004,Q1_low
252,Y,108.0,2.108694969562842,1.7387586809150082,2.1116079410819317,0.0029129715190898686,Q2
253,N,109.0,1.2567796494470393,0.0,0.49623213877486855,-0.7605475106721709,Q1_low
254,I,110.0,1.8149798205164813,1.7128876215181605,1.902648743969605,0.0876689234531236,Q2
255,S,111.0,1.7344977967946407,1.3954618442383218,1.7524820919770108,0.017984295182370102,Q2
256,H,112.0,0.8112781244591328,0.28639695711595625,0.5175589658450723,-0.2937191586140605,Q1_low
257,M,113.0,0.8112781244591328,0.28639695711595625,0.7054561189844631,-0.10582200547466969,Q1_low
258,W,114.0,0.8112781244591328,0.28639695711595625,0.6294820237155982,-0.18179610074353458,Q1_low
259,S,115.0,0.8112781244591328,0.28639695711595625,0.44295867853848536,-0.36831944592064747,Q1_low
260,L,116.0,0.0,0.0,0.18089488008200816,0.18089488008200816,Q3
261,I,117.0,1.8192407046368488,2.341446071165522,2.3393152016898453,0.5200744970529965,Q4_high
262,L,118.0,1.0762976257251988,0.5689955935892812,0.8898593840431961,-0.18643824168200274,Q1_low
265,N,121.0,0.0,0.0,0.09054385326964295,0.09054385326964295,Q2
267,G,123.0,0.0,0.28639695711595625,0.09054385326964295,0.09054385326964295,Q2
269,G,125.0,0.4689955935892812,0.8475846798245739,0.6294820237155982,0.16048643012631703,Q3
271,H,127.0,1.7762976257251988,1.595461844238322,1.5670726642672814,-0.20922496145791736,Q1_low
272,Q,128.0,2.019240704636849,1.9814963295286754,1.930952584651661,-0.08828811998518771,Q1_low
273,G,129.0,1.8149798205164813,1.9192407046368487,1.8864754616713946,0.07149564115491325,Q2
274,L,130.0,1.1411535278793055,1.4166422780956525,1.3282176439257407,0.18706411604643525,Q3
275,R,131.0,1.236160254373812,1.0762976257251988,1.0287397232798534,-0.20742053109395853,Q1_low
276,M,132.0,0.0,1.1812908992306925,0.9036265235564926,0.9036265235564926,Q4_high
277,L,133.0,2.35887184844536,2.219973094021975,2.650085680354344,0.2912138319089843,Q3
279,F,135.0,0.0,0.4689955935892812,0.3150323142189036,0.3150323142189036,Q3
280,L,136.0,1.6954618442383218,1.595461844238322,1.5434812912270925,-0.15198055301122926,Q1_low
281,V,137.0,1.236160254373812,2.2841837197791888,1.7625553892222483,0.5263951348484364,Q4_high
283,E,139.0,1.643751954420502,1.4411535278793055,1.5897680749850909,-0.05398387943541105,Q1_low
284,M,140.0,2.6282129458410015,2.9464393446710155,3.033920594171694,0.4057076483306923,Q4_high
285,M,141.0,1.9833830982290133,2.565957320949175,2.4765756429591774,0.49319254473016416,Q4_high
286,V,142.0,1.5128876215181604,1.0762976257251988,1.373082292833274,-0.13980532868488638,Q1_low
287,R,143.0,2.3414460711655214,2.2464393446710154,2.7179844437467917,0.3765383725812703,Q4_high
288,K,144.0,1.419035274338866,0.8475846798245739,1.3137127484940485,-0.10532252584481738,Q1_low
289,F,145.0,0.0,0.28639695711595625,0.4514030062473958,0.4514030062473958,Q4_high
290,D,146.0,0.0,0.0,0.09054385326964295,0.09054385326964295,Q2
291,G,147.0,0.28639695711595625,0.0,0.18089488008200816,-0.1055020770339481,Q1_low
293,S,149.0,1.3954618442383218,1.1411535278793055,1.4598322088639244,0.06437036462560264,Q2
294,A,150.0,2.4659573209491747,2.460964047443681,2.647506539395491,0.1815492184463161,Q3
295,N,151.0,1.1411535278793057,1.3609640474436813,1.853679710030091,0.7125261821507853,Q4_high
296,I,152.0,0.0,0.0,0.33802081996603,0.33802081996603,Q3
297,S,153.0,2.1149798205164814,1.9192407046368487,2.6150317251245654,0.500051904608084,Q4_high
298,N,154.0,1.1219280948873622,0.8475846798245739,1.1222900978514077,0.000362002964045427,Q2
299,L,155.0,0.9927744539878083,1.4406454496153462,1.2979940249136073,0.305219570925799,Q3
300,W,156.0,0.0,0.28639695711595625,0.08970338978684994,0.08970338978684994,Q2
301,K,157.0,0.934068055375491,0.5689955935892812,0.9224526400861569,-0.011615415289334075,Q1_low
302,V,158.0,1.2192407046368487,1.9393538721672008,1.7393475042473578,0.5201067996105091,Q4_high
303,L,159.0,0.28639695711595625,0.0,0.08970338978684994,-0.1966935673291063,Q1_low
304,G,160.0,0.28639695711595625,0.28639695711595625,0.40342133621548276,0.11702437909952651,Q2
305,R,161.0,0.0,0.0,0.21450983370697768,0.21450983370697768,Q3
306,S,162.0,1.0540157730728,0.9132829641650988,1.0698129674725125,0.01579719439971261,Q2
307,E,163.0,1.9199730940219752,2.6292492238560343,3.0115409416856935,1.0915678476637183,Q4_high
308,T,164.0,2.223219672335508,2.1234786725698864,2.7260872996611343,0.5028676273256263,Q4_high
309,D,165.0,0.9709505944546686,1.4366664819166872,1.1766148995217773,0.20566430506710875,Q3
310,G,166.0,0.0,0.28639695711595625,0.08970338978684994,0.08970338978684994,Q2
312,Y,168.0,1.1411535278793055,1.6010143058068347,1.8388812487729762,0.6977277208936707,Q4_high
313,I,169.0,0.934068055375491,0.6098403047164004,1.0205126594534393,0.0864446040779483,Q2
314,A,170.0,1.1883763717345073,1.4366664819166872,1.3352395180336647,0.14686314629915742,Q2
316,T,172.0,0.0,0.0,0.15649106290570153,0.15649106290570153,Q2
318,I,174.0,0.0,0.28639695711595625,0.46923286059080394,0.46923286059080394,Q4_high
324,L,180.0,0.0,0.0,0.15649106290570153,0.15649106290570153,Q2
325,R,181.0,0.0,0.0,0.3591016256485496,0.3591016256485496,Q3
326,P,182.0,0.0,0.0,0.08970338978684994,0.08970338978684994,Q2
327,E,183.0,1.3709505944546687,1.6192407046368487,1.620674606013018,0.24972401155834922,Q3
328,P,184.0,0.0,0.28639695711595625,0.08970338978684994,0.08970338978684994,Q2
330,A,186.0,0.0,0.0,0.45858898362767986,0.45858898362767986,Q4_high
331,K,187.0,2.3854752972273343,2.2854752972273342,2.7204713562689316,0.33499605904159724,Q3
333,C,189.0,0.9709505944546686,0.9709505944546686,1.1322381922261975,0.1612875977715289,Q3
334,Y,190.0,1.3361602543738118,0.4689955935892812,0.7183503732713731,-0.6178098811024387,Q1_low
335,D,191.0,1.6010143058068347,1.5166422780956523,1.8296620666200183,0.2286477608131836,Q3
336,F,192.0,0.0,0.0,0.15649106290570153,0.15649106290570153,Q2
337,W,193.0,0.0,0.0,0.08970338978684994,0.08970338978684994,Q2
338,L,194.0,0.28639695711595625,0.28639695711595625,0.5575692542574586,0.27117229714150237,Q3
341,D,197.0,0.4689955935892812,0.0,0.33494680598484416,-0.13404878760443706,Q1_low
342,F,198.0,0.0,0.0,0.15649106290570153,0.15649106290570153,Q2
343,I,199.0,0.0,0.6098403047164004,0.46923286059080394,0.46923286059080394,Q4_high
344,K,200.0,0.0,0.0,0.08970338978684994,0.08970338978684994,Q2
345,N,201.0,0.0,0.0,0.17921833563297423,0.17921833563297423,Q3
346,D,202.0,0.0,0.0,0.08970338978684994,0.08970338978684994,Q2
347,E,203.0,0.0,0.0,0.09054385326964295,0.09054385326964295,Q2
348,P,204.0,0.0,0.0,0.17921833563297423,0.17921833563297423,Q3
350,A,206.0,0.8112781244591328,0.0,0.40057554263664014,-0.4107025818224927,Q1_low
353,P,209.0,1.533206219346495,1.4166422780956522,1.648937529419047,0.11573131007255189,Q2
354,F,210.0,0.0,0.4689955935892812,0.24581537350428984,0.24581537350428984,Q3
355,C,211.0,1.1411535278793055,1.236160254373812,1.39758274116092,0.2564292132816146,Q3
356,P,212.0,0.0,0.28639695711595625,0.40342133621548276,0.40342133621548276,Q4_high
357,M,213.0,1.9393538721672008,2.108694969562842,2.1276325174883652,0.18827864532116445,Q3
358,E,214.0,1.1812908992306925,0.747584679824574,1.2993964103425217,0.11810551111182921,Q2
359,V,215.0,2.2261207468426805,1.595461844238322,1.8093087367007008,-0.41681201014197966,Q1_low
360,V,216.0,0.9709505944546686,1.2344977967946407,1.5214179115107906,0.5504673170561221,Q4_high
361,M,217.0,0.8812908992306927,1.7822287189138015,1.6056845847500991,0.7243936855194064,Q4_high
362,P,218.0,0.9917601481809735,1.4567796494470395,1.5151137223186164,0.5233535741376429,Q4_high
363,K,219.0,1.0540157730728,0.9917601481809735,1.4048013216143171,0.3507855485415172,Q3
364,V,220.0,0.0,0.8475846798245739,0.39257752427413556,0.39257752427413556,Q4_high
365,A,221.0,1.2567796494470393,2.1414460711655217,1.8924158515151646,0.6356362020681252,Q4_high
366,E,222.0,0.9917601481809735,0.0,0.7900328503406191,-0.20172729784035437,Q1_low
367,A,223.0,0.747584679824574,0.6098403047164004,0.6956231005441003,-0.051961579280473735,Q1_low
368,M,224.0,0.28639695711595625,0.28639695711595625,0.4394969869215134,0.15310002980555715,Q2
369,D,225.0,1.7344977967946407,1.590468570732828,1.8921393021621185,0.15764150536747779,Q3
370,R,226.0,0.0,0.0,0.4444399779704466,0.4444399779704466,Q4_high
371,A,227.0,0.28639695711595625,0.0,0.47894596254845556,0.1925490054324993,Q3
372,Q,228.0,1.0762976257251988,0.7219280948873623,1.0186230228816142,-0.05767460284358461,Q1_low
373,Q,229.0,0.8112781244591328,0.0,0.846807293600348,0.03552916914121518,Q2
374,A,230.0,0.747584679824574,0.9917601481809735,1.1884927406725108,0.44090806084793677,Q4_high
376,G,232.0,0.0,0.0,0.08970338978684994,0.08970338978684994,Q2
377,Q,233.0,1.1883763717345073,1.3609640474436813,1.8492358777543387,0.6608595060198315,Q4_high
378,A,234.0,0.28639695711595625,0.747584679824574,0.7235956344537224,0.4371986773377662,Q4_high
380,L,236.0,0.28639695711595625,0.9917601481809735,0.8131049958316707,0.5267080387157145,Q4_high
381,F,237.0,0.0,0.0,0.08970338978684994,0.08970338978684994,Q2
383,A,239.0,0.6098403047164004,0.9219280948873623,1.2064014850011278,0.5965611802847274,Q4_high
384,N,240.0,0.0,0.0,0.08970338978684994,0.08970338978684994,Q2
385,I,241.0,0.747584679824574,0.28639695711595625,0.5758606232851498,-0.17172405653942424,Q1_low
386,T,242.0,0.0,0.28639695711595625,0.24581537350428984,0.24581537350428984,Q3
387,A,243.0,0.0,0.0,0.17921833563297423,0.17921833563297423,Q3
389,Y,245.0,1.2567796494470393,0.0,0.733624646527159,-0.5231550029198804,Q1_low
390,Y,246.0,1.3361602543738118,1.2192407046368487,1.4018671183094682,0.06570686393565639,Q2
391,K,247.0,2.670950594454669,2.0638651219508537,2.7698863056507133,0.09893571119604427,Q2
393,M,249.0,0.5689955935892812,0.6098403047164004,0.554316123632816,-0.014679469956465185,Q1_low
394,I,250.0,1.5166422780956523,1.842737648613667,1.9157496630661213,0.39910738497046894,Q4_high
395,H,251.0,0.8841837197791889,0.4689955935892812,0.8362214933905643,-0.047962226388624574,Q1_low
397,G,253.0,0.7219280948873623,1.1883763717345073,0.9857739171604615,0.26384582227309916,Q3
398,D,254.0,1.076297625725199,1.1411535278793057,1.4540910466414765,0.37779342091627743,Q4_high
399,F,255.0,1.2344977967946407,1.2344977967946407,1.3121430305708408,0.07764523377620014,Q2
400,V,256.0,1.1812908992306925,0.747584679824574,1.171647558583799,-0.009643340646893428,Q1_low
401,L,257.0,0.0,0.0,0.08970338978684994,0.08970338978684994,Q2
402,E,258.0,1.7166422780956527,1.6709505944546688,1.6603244515609743,-0.05631782653467843,Q1_low
403,T,259.0,1.2567796494470393,1.2192407046368487,1.9055067974918756,0.6487271480448362,Q4_high
404,F,260.0,0.0,0.0,0.08970338978684994,0.08970338978684994,Q2
405,A,261.0,0.8812908992306927,0.6098403047164004,0.7704311017642017,-0.110859797466491,Q1_low
406,K,262.0,1.8609640474436813,1.8854752972273343,2.1661081030249933,0.3051440555813121,Q3
407,Y,263.0,0.0,,0.5916727785823275,0.5916727785823275,Q4_high
408,N,264.0,0.7219280948873623,,0.5916727785823275,-0.13025531630503484,Q1_low
409,S,265.0,1.4366664819166872,1.595461844238322,1.8763507476856538,0.4396842657689666,Q4_high
410,A,266.0,0.7219280948873623,0.0,0.7336246465271589,0.011696551639796549,Q2
411,S,267.0,1.8192407046368488,1.9814963295286754,2.211217772870554,0.3919770682337054,Q4_high
412,H,268.0,1.1883763717345073,1.9393538721672008,1.728756297379657,0.5403799256451498,Q4_high
413,V,269.0,0.747584679824574,0.4689955935892812,1.0620210393980054,0.3144363595734314,Q3
414,A,270.0,0.0,0.0,0.15649106290570153,0.15649106290570153,Q2
415,F,271.0,0.4689955935892812,0.4689955935892812,0.5132495436905254,0.04425395010124422,Q2
417,V,273.0,0.28639695711595625,0.28639695711595625,0.26676498780302604,-0.01963196931293021,Q1_low
418,D,274.0,0.0,0.0,0.15649106290570153,0.15649106290570153,Q2
420,F,276.0,1.0,0.7219280948873623,0.8756633923230397,-0.12433660767696031,Q1_low
421,V,277.0,0.0,0.28639695711595625,0.24581537350428984,0.24581537350428984,Q3
422,T,278.0,1.5394910703001345,1.2344977967946407,1.5394020607037986,-8.900959633595384e-05,Q2
423,G,279.0,0.0,0.0,0.08970338978684994,0.08970338978684994,Q2
424,P,280.0,0.0,0.5689955935892812,0.6702617247786232,0.6702617247786232,Q4_high
425,A,281.0,1.8016094970590273,1.5783898247235197,2.1076427146742254,0.3060332176151981,Q3
426,G,282.0,1.765957320949175,1.3609640474436813,1.581451229804991,-0.18450609114418404,Q1_low
427,V,283.0,0.8112781244591328,0.9927744539878083,0.996485989886783,0.18520786542765022,Q3
428,T,284.0,0.28639695711595625,0.4689955935892812,0.5102515023457678,0.22385454522981152,Q3
429,T,285.0,0.28639695711595625,0.5689955935892812,0.7574867541420438,0.47108979702608755,Q4_high
430,A,286.0,1.1540157730728,1.0540157730728,1.1805054457075352,0.02648967263473523,Q2
431,R,287.0,0.0,0.0,0.08970338978684994,0.08970338978684994,Q2
432,R,288.0,0.28639695711595625,0.0,0.21450983370697768,-0.07188712340897857,Q1_low
433,E,289.0,2.7414460711655217,1.9709505944546688,2.840703076983106,0.09925700581758434,Q2
434,F,290.0,0.7219280948873623,1.076297625725199,0.9135006528496689,0.19157255796230654,Q3
435,P,291.0,0.4689955935892812,0.4689955935892812,0.4394969869215134,-0.029498606667767824,Q1_low
436,D,292.0,2.363865121950854,2.5016094970590275,2.649436347803273,0.285571225852419,Q3
437,T,293.0,0.934068055375491,0.5689955935892812,0.7732874966365623,-0.1607805587389287,Q1_low
438,F,294.0,0.934068055375491,0.9709505944546686,0.9966440252487702,0.06257596987327918,Q2
439,L,295.0,0.0,0.0,0.26854264623156254,0.26854264623156254,Q3
441,F,297.0,0.934068055375491,0.28639695711595625,0.5746356978376794,-0.35943235753781155,Q1_low
444,A,300.0,0.0,0.28639695711595625,0.15649106290570153,0.15649106290570153,Q2
446,H,302.0,0.0,0.0,0.15649106290570153,0.15649106290570153,Q2
447,G,303.0,0.0,0.0,0.15649106290570153,0.15649106290570153,Q2
448,A,304.0,0.7219280948873623,0.4689955935892812,0.8638855092914007,0.14195741440403842,Q2
449,V,305.0,0.9917601481809735,0.8812908992306927,1.024901324565093,0.03314117638411962,Q2
450,T,306.0,0.0,0.0,0.15649106290570153,0.15649106290570153,Q2
452,Y,308.0,1.3361602543738118,0.8475846798245739,1.11123875431442,-0.22492150005939182,Q1_low
453,K,309.0,1.765957320949175,1.4609640474436811,1.6772040932189054,-0.08875322773026961,Q1_low
454,S,310.0,0.7219280948873623,1.1883763717345073,1.2603193711165819,0.5383912762292196,Q4_high
455,P,311.0,1.7387586809150082,1.8332062193464953,2.0514993260446865,0.31274064512967836,Q3
456,M,312.0,0.8112781244591328,0.0,0.40057554263664014,-0.4107025818224927,Q1_low
458,M,314.0,0.8112781244591328,0.0,0.40057554263664014,-0.4107025818224927,Q1_low
459,D,315.0,1.490468570732828,0.5689955935892812,1.1385053312646172,-0.35196323946821084,Q1_low
460,P,316.0,1.7387586809150082,0.8475846798245739,1.2247788120870264,-0.5139798688279817,Q1_low
461,L,317.0,1.3689955935892815,1.0540157730728,1.123951181662097,-0.2450444119271844,Q1_low
462,C,318.0,1.0762976257251988,0.0,0.7811279049989804,-0.2951697207262184,Q1_low
463,Y,319.0,1.4387586809150081,0.8112781244591328,1.2546179160347408,-0.18414076488026732,Q1_low
464,M,320.0,1.7393538721672006,1.8822287189138016,2.2062863172661284,0.46693244509892784,Q4_high
466,L,322.0,1.0762976257251988,1.1567796494470395,1.1716475585837993,0.0953499328586005,Q2
467,V,323.0,1.4689955935892813,1.2192407046368487,1.2484050497818022,-0.2205905438074791,Q1_low
468,R,324.0,0.0,0.0,0.15649106290570153,0.15649106290570153,Q2
469,L,325.0,0.0,0.6098403047164004,0.7461243202097078,0.7461243202097078,Q4_high
470,M,326.0,1.0219280948873624,1.7332062193464952,1.3443754560247216,0.3224473611373593,Q3
471,G,327.0,0.0,0.0,0.15649106290570153,0.15649106290570153,Q2
472,A,328.0,0.0,0.28639695711595625,0.24581537350428984,0.24581537350428984,Q3
473,S,329.0,0.0,0.0,0.17921833563297423,0.17921833563297423,Q3
474,G,330.0,0.0,0.0,0.15649106290570153,0.15649106290570153,Q2
475,M,331.0,0.4689955935892812,0.5689955935892812,0.35570124588962954,-0.11329434769965169,Q1_low
477,T,333.0,0.9709505944546686,0.9709505944546686,1.1333824939015131,0.16243189944684455,Q3
478,G,334.0,0.0,0.0,0.15649106290570153,0.15649106290570153,Q2
479,T,335.0,0.0,0.28639695711595625,0.08970338978684994,0.08970338978684994,Q2
480,M,336.0,0.0,0.0,0.08970338978684994,0.08970338978684994,Q2
481,G,337.0,0.0,0.6098403047164004,0.6321302781219706,0.6321302781219706,Q4_high
482,Y,338.0,0.7219280948873623,1.2344977967946407,1.0570339766774162,0.33510588179005385,Q3
485,M,341.0,0.0,0.0,0.15649106290570153,0.15649106290570153,Q2
486,E,342.0,0.0,0.0,0.24581537350428984,0.24581537350428984,Q3
488,H,344.0,2.165957320949175,2.2261207468426805,2.43499179780448,0.269034476855305,Q3
489,G,345.0,2.4709505944546684,2.584183719779189,2.794746281105962,0.32379568665129366,Q3
490,K,346.0,2.119240704636849,2.123219672335508,2.5477933197051352,0.42855261506828635,Q4_high
491,E,347.0,0.934068055375491,0.28639695711595625,0.6041234581483738,-0.3299445972271172,Q1_low
492,T,348.0,1.4577174691301482,0.9927744539878083,1.2498490620312683,-0.20786840709887988,Q1_low
493,V,349.0,2.1464393446710157,2.490468570732828,3.032059141917678,0.8856197972466622,Q4_high
494,L,350.0,1.7822287189138017,1.1567796494470395,1.5793303847593323,-0.20289833415446945,Q1_low
495,A,351.0,0.0,0.28639695711595625,0.17921833563297423,0.17921833563297423,Q3
496,Y,352.0,0.8841837197791889,0.5689955935892812,0.955039370782501,0.07085565100331215,Q2
497,M,353.0,0.28639695711595625,0.4689955935892812,0.49196013331807664,0.2055631762021204,Q3
498,L,354.0,0.9927744539878083,0.8812908992306927,0.9816649485370994,-0.011109505450708879,Q1_low
499,E,355.0,0.4689955935892812,0.9219280948873623,1.190489490734864,0.7214938971455828,Q4_high
500,R,356.0,1.4190352743388661,1.1540157730728,1.7146314406923755,0.2955961663535094,Q3
501,D,357.0,1.0219280948873624,0.6098403047164004,0.703266122801986,-0.3186619720853764,Q1_low
502,E,358.0,1.9232196723355077,2.039353872167201,2.1455039436299446,0.22228427129443684,Q3
503,C,359.0,1.6954618442383218,1.2361602543738117,1.5857520951792836,-0.10970974905903819,Q1_low
504,Q,360.0,1.719973094021975,1.4609640474436811,2.1869909261014353,0.46701783207946024,Q4_high
505,G,361.0,0.0,0.0,0.17921833563297423,0.17921833563297423,Q3
506,P,362.0,1.0219280948873624,0.0,0.960382876712814,-0.06154521817454839,Q1_low
508,Y,363.0,2.0954618442383217,1.9261207468426806,2.2607088439884473,0.16524699975012558,Q3
509,F,364.0,0.934068055375491,1.0,1.0570339766774162,0.12296592130192519,Q2
510,Y,365.0,2.2588718484453603,2.3577174691301486,2.445794821393354,0.18692297294799376,Q3
512,K,367.0,1.6804820237218405,1.7854752972273342,2.0758114748396372,0.3953294511177967,Q4_high
514,Y,369.0,1.578897902987479,2.763865121950854,2.9500139329084694,1.3711160299209904,Q4_high
515,G,370.0,0.28639695711595625,0.0,0.26854264623156254,-0.01785431088439371,Q1_low
516,M,371.0,0.747584679824574,0.5689955935892812,0.6639920833419435,-0.08359259648263051,Q1_low
517,K,372.0,0.747584679824574,0.747584679824574,1.3176498207054348,0.5700651408808608,Q4_high
518,A,373.0,1.4689955935892813,0.9709505944546686,1.4057299958891263,-0.06326559770015505,Q1_low
519,T,374.0,0.4689955935892812,0.8475846798245739,0.6457007143142525,0.17670512072497124,Q3
520,T,375.0,0.28639695711595625,0.28639695711595625,0.5102515023457678,0.22385454522981152,Q3
521,P,376.0,0.0,0.28639695711595625,0.17921833563297423,0.17921833563297423,Q3
522,I,377.0,0.0,0.6098403047164004,0.26676498780302604,0.26676498780302604,Q3
523,I,378.0,0.28639695711595625,0.4689955935892812,0.3591016256485496,0.07270466853259333,Q2
524,S,379.0,0.0,0.0,0.08970338978684994,0.08970338978684994,Q2
526,G,381.0,0.0,0.0,0.15649106290570153,0.15649106290570153,Q2
528,N,383.0,0.0,0.0,0.08970338978684994,0.08970338978684994,Q2
529,A,384.0,0.0,0.0,0.08970338978684994,0.08970338978684994,Q2
530,L,385.0,0.28639695711595625,0.5689955935892812,0.24581537350428984,-0.040581583611666416,Q1_low
532,L,387.0,0.0,0.747584679824574,0.9885147914554091,0.9885147914554091,Q4_high
533,P,388.0,0.28639695711595625,0.0,0.26854264623156254,-0.01785431088439371,Q1_low
534,G,389.0,0.0,0.0,0.3591016256485496,0.3591016256485496,Q3
535,F,390.0,0.0,0.0,0.08970338978684994,0.08970338978684994,Q2
537,Q,392.0,2.019973094021975,1.9804820237218406,2.1459320315510917,0.1259589375291168,Q2
538,N,393.0,0.0,0.0,0.08970338978684994,0.08970338978684994,Q2
539,L,394.0,0.0,0.28639695711595625,0.24581537350428984,0.24581537350428984,Q3
540,G,395.0,0.0,0.28639695711595625,0.08970338978684994,0.08970338978684994,Q2
541,H,396.0,0.0,0.0,0.24581537350428984,0.24581537350428984,Q3
542,G,397.0,1.7659573209491748,1.4060075793123286,1.6274454769657054,-0.13851184398346938,Q1_low
544,V,399.0,0.5689955935892812,1.6192407046368487,1.228766573186783,0.6597709795975017,Q4_high
545,I,400.0,0.0,0.6098403047164004,0.42171270524317384,0.42171270524317384,Q4_high
546,N,401.0,0.934068055375491,1.6387586809150083,1.8410552403587093,0.9069871849832183,Q4_high
548,C,403.0,1.5394910703001345,0.9927744539878083,1.308747072886165,-0.23074399741396956,Q1_low
549,G,404.0,0.0,0.0,0.17921833563297423,0.17921833563297423,Q3
550,G,405.0,0.0,0.0,0.08970338978684994,0.08970338978684994,Q2
552,A,407.0,1.2344977967946407,1.4366664819166872,1.474194482459589,0.23969668566494828,Q3
553,F,408.0,0.9709505944546686,0.9709505944546686,1.0782455314528507,0.10729493699818216,Q2
556,I,411.0,1.3709505944546687,1.4166422780956522,1.6448236592318,0.27387306477713125,Q3
557,D,412.0,0.28639695711595625,0.28639695711595625,0.15649106290570153,-0.12990589421025472,Q1_low
558,S,413.0,0.9927744539878083,1.0,0.9865446300055644,-0.0062298239822439205,Q1_low
559,P,414.0,0.7219280948873623,1.1567796494470395,1.1447414049511946,0.42281331006383227,Q4_high
560,A,415.0,1.1567796494470395,0.8841837197791889,1.3632938940739228,0.20651424462688328,Q3
561,A,416.0,0.5689955935892812,0.0,0.9044033115723825,0.3354077179831013,Q3
563,G,418.0,0.8112781244591328,0.0,0.31468260413466576,-0.4965955203244671,Q1_low
564,I,419.0,1.9199730940219752,2.365957320949175,2.4616356745880745,0.5416625805660993,Q4_high
565,S,420.0,0.0,0.0,0.15649106290570153,0.15649106290570153,Q2
566,L,421.0,0.0,0.0,0.46923286059080394,0.46923286059080394,Q4_high
567,G,422.0,1.319035274338866,0.28639695711595625,1.0843256634001468,-0.23470961093871923,Q1_low
568,Q,423.0,0.5689955935892812,0.28639695711595625,0.33494680598484416,-0.23404878760443704,Q1_low
569,A,424.0,0.747584679824574,0.6098403047164004,1.1623482939675045,0.4147636141429305,Q4_high
570,Y,425.0,1.838758680915008,1.8332062193464953,2.179561730138035,0.34080304922302695,Q3
571,D,426.0,1.4652556501132248,1.6709505944546685,1.9320541737292884,0.46679852361606367,Q4_high
572,C,427.0,0.9494520153879484,0.8812908992306927,0.9779101341158285,0.028458118727880066,Q2
574,K,429.0,1.8240460500219924,2.219240704636849,1.9161523761416923,0.09210632611969993,Q2
575,S,430.0,2.458453829233059,1.9232196723355077,2.403297958298112,-0.05515587093494689,Q1_low
587,G,431.0,0.2974722489192896,0.6098403047164004,0.7167256591148785,0.4192534101955889,Q4_high
588,S,432.0,1.5737888130660205,1.319035274338866,1.710787649219443,0.13699883615342245,Q2
589,D,433.0,1.058277043226334,0.5689955935892812,1.084195557401857,0.025918514175522933,Q2
590,P,434.0,0.9494520153879484,0.8812908992306927,1.201546213138922,0.25209419775097364,Q3
591,I,435.0,1.1674367232867007,1.4387586809150081,1.5347324867578334,0.3672957634711327,Q4_high
592,E,436.0,1.086987702339905,1.8192407046368488,1.5170538266081681,0.4300661242682631,Q4_high
593,Y,437.0,1.4674579648482995,1.7659573209491748,1.6546411281389328,0.18718316329063334,Q3
595,K,439.0,0.7742433029172697,0.4689955935892812,0.9932669980931919,0.21902369517592213,Q3
596,T,440.0,1.4832261969709113,1.4166422780956525,1.8416461023571196,0.35841990538620827,Q3
597,H,441.0,0.0,0.5689955935892812,0.24806230603935048,0.24806230603935048,Q3
598,K,442.0,1.8474201200521745,2.765957320949175,2.7277376201878996,0.8803175001357251,Q4_high
599,E,443.0,0.0,0.4689955935892812,0.3150323142189036,0.3150323142189036,Q3
600,F,444.0,0.9494520153879484,0.8812908992306927,1.1112273755985296,0.16177536021058114,Q3
601,A,445.0,0.9530138853315971,0.28639695711595625,0.7571293796945331,-0.19588450563706405,Q1_low
602,R,446.0,0.7424875695421236,0.4689955935892812,0.7757042868125483,0.033216717270424745,Q2
604,F,448.0,0.2974722489192896,0.0,0.09054385326964295,-0.20692839564964663,Q1_low
605,E,449.0,0.7742433029172697,1.0219280948873624,1.3359089995082298,0.5616656965909601,Q4_high
606,S,450.0,0.2974722489192896,0.0,0.44295867853848536,0.14548642961919578,Q2
608,P,452.0,1.3372449392958772,0.28639695711595625,1.3360207516924298,-0.0012241876034473353,Q2
609,K,453.0,2.8655768552072485,2.419973094021975,2.877179942311096,0.01160308710384772,Q2
610,D,454.0,0.0,0.0,0.09054385326964295,0.09054385326964295,Q2
611,G,455.0,0.2974722489192896,0.0,0.24806230603935048,-0.049409942879939106,Q1_low
612,D,456.0,0.2974722489192896,0.0,0.18089488008200816,-0.11657736883728143,Q1_low
613,K,457.0,1.8282344370732122,2.1638651219508542,2.516137925627736,0.6879034885545237,Q4_high
614,L,458.0,1.6068322783181097,1.278897902987479,1.4354295225757625,-0.1714027557423472,Q1_low
615,F,459.0,0.9819407868640977,0.934068055375491,0.9784493292686189,-0.003491457595478753,Q1_low
617,A,460.0,0.2974722489192896,0.0,0.27105081178647694,-0.026421437132812642,Q1_low
618,G,461.0,0.7742433029172697,1.192250860234642,1.2617380939284752,0.4874947910112055,Q4_high
620,R,463.0,0.2974722489192896,0.0,0.4552362185356088,0.15776396961631922,Q3
621,E,464.0,1.457424881409171,1.8679653582397107,2.115113100745404,0.657688219336233,Q4_high
622,K,465.0,1.4657904693384451,1.7732143550933817,1.6240924395882472,0.15830197024980208,Q3
623,L,466.0,0.0,0.2974722489192896,0.39972129265770173,0.39972129265770173,Q4_high
624,G,467.0,1.3372449392958772,1.8895782867502309,1.8134903978771364,0.4762454585812592,Q4_high
625,V,468.0,2.034572365811466,1.9293092079167296,2.59211651901648,0.557544153205014,Q4_high
626,-,,1.0,,1.5,0.5,Q4_high
627,-,,0.0,,0.8112781244591328,0.8112781244591328,Q4_high
628,-,,1.0,,0.9182958340544896,-0.08170416594551044,Q1_low
629,H,469.0,1.7987949406953985,1.871602261409798,2.5500486905792927,0.7512537498838943,Q4_high
630,K,470.0,1.2916919971380596,1.7004397181410922,2.204136714824009,0.9124447176859494,Q4_high
